,Source,Model,STFT window_length,STFT hop_length,STFT window_type,Model num_audio_channels,Model hidden_size,Model num_layers,Model bidirectional,Model dropout,Model num_sources,Model activation,Optimizer lr,Epochs,Epoch Length,Train Coherent Fraction,Batch Size,Test Size,Test Length,SI-SDR,SI-SIR,SI-SAR,SD-SDR,SNR,SRR,SI-SDRi,SD-SDRi,SNRi,MIX-SI-SDR,MIX-SD-SDR,MIX-SNR
0,vocals,Mask,512,128,sqrt_hann,1,64,10,True,0.1,1,sigmoid,0.001,25,25,1.0,10,5,5,-4.342694209214064,0.8858451150412598,-2.6984643715785492,-13.482561455550941,1.6309108125625253,-12.519435771476,2.647302751437904,-6.491589260759703,8.556042989897552,-6.989996960651967,-6.990972194791238,-6.925132177335027
1,bass+drums+other,Mask,512,128,sqrt_hann,1,64,10,True,0.1,1,sigmoid,0.001,25,25,1.0,10,5,5,8.041036969315844,8.716250386783134,18.532656370295584,7.748559286323191,8.556042989897552,21.165099513248272,1.1579367224332615,0.8664342735798826,1.6309108125625253,6.883100246882582,6.882125012743307,6.925132177335027
