,Source,Model,Final Loss,Model activation,Model bidirectional,Model dropout,Model hidden_size,Model hop_length,Model num_audio_channels,Model num_features,Model num_filters,Model num_layers,Model num_sources,Model window_type,Optimizer lr,Epochs,Epoch Length,Train Coherent Fraction,Batch Size,Test Size,Test Length,SI-SDR,SI-SIR,SI-SAR,SD-SDR,SNR,SRR,SI-SDRi,SD-SDRi,SNRi,MIX-SI-SDR,MIX-SD-SDR,MIX-SNR,STFT hop_length,STFT window_length
0,vocals,Filterbank,0.004139586351811886,sigmoid,True,0.3,50,32.0,1,128.0,128.0,2,1,sqrt_hann,0.01,10,10,1.0,10,50,5,-10.67660134005417,2.8082402860124187,-10.11394719712557,-20.562146459156533,-0.32530373294315396,-17.779023835357187,-1.3178196099226736,-11.20290518016592,9.14571658355452,-9.358781730131499,-9.359241278990616,-9.471020316497674,,
1,bass+drums+other,Filterbank,0.004139586351811886,sigmoid,True,0.3,50,32.0,1,128.0,128.0,2,1,sqrt_hann,0.01,10,10,1.0,10,50,5,8.847951161416827,11.319491238697548,18.997816224237173,8.549616962206205,9.14571658355452,32.184198055589505,-0.6184490357836927,-0.9163236861351914,-0.3253037329431542,9.466400197200517,9.465940648341396,9.471020316497674,,
2,vocals,Mask,0.0004229474870953709,sigmoid,True,0.3,50,,1,,,2,1,,0.001,25,25,1.0,10,50,5,-4.455854723328048,4.209634881975941,-3.317161357308973,-10.017677420874842,1.012083022276885,-7.091687663628378,4.90292700680345,-0.6584361418842248,10.483103338774558,-9.358781730131499,-9.359241278990616,-9.471020316497674,128.0,512.0
3,bass+drums+other,Mask,0.0004229474870953709,sigmoid,True,0.3,50,,1,,,2,1,,0.001,25,25,1.0,10,50,5,10.141928769571928,12.577395390093576,16.35134743639231,9.650831372826444,10.48310333877456,23.84378125244154,0.67552857237141,0.18489072448504779,1.0120830222768853,9.466400197200517,9.465940648341396,9.471020316497674,128.0,512.0
