,SI-SDR,Source,Model,Loss Type,Final Loss,STFT hop_length,STFT window_length,Model activation,Model bidirectional,Model dropout,Model hidden_size,Model num_audio_channels,Model num_layers,Model num_sources,Optimizer lr,Epochs,Epoch Length,Train Coherent Fraction,Batch Size,Test Size,Test Length,SI-SIR,SI-SAR,SD-SDR,SNR,SRR,SI-SDRi,SD-SDRi,SNRi,MIX-SI-SDR,MIX-SD-SDR,MIX-SNR,STFT window_type
10,-3.987443157512861,vocals,Mask,L1,0.0004251138307154,128,512,sigmoid,True,0.5,50,1,2,1,0.001,25,25,1.0,10,50,5,3.975972788053947,-2.681858671691008,-9.49984438962496,1.0834972013816804,-6.576768738100895,5.371338572618635,-0.1406031106343451,10.554517517879352,-9.3587817301315,-9.359241278990616,-9.471020316497674,sqrt_hann
2,-4.344339778277092,vocals,Mask,L1,0.0003960536269005,128,512,sigmoid,True,0.3,50,1,1,1,0.001,25,25,1.0,10,50,5,4.482007924700151,-3.2610263825803623,-10.856571578053025,1.0911374622772405,-8.396188857726239,5.014441951854404,-1.4973302990624082,10.562157778774914,-9.3587817301315,-9.359241278990616,-9.471020316497674,sqrt_hann
0,-4.455854723328048,vocals,Mask,L1,0.0004229474870953,128,512,sigmoid,True,0.3,50,1,2,1,0.001,25,25,1.0,10,50,5,4.209634881975941,-3.317161357308973,-10.017677420874842,1.012083022276885,-7.091687663628378,4.90292700680345,-0.6584361418842248,10.483103338774558,-9.3587817301315,-9.359241278990616,-9.471020316497674,
8,-4.472856786931128,vocals,Mask,L1,0.000406840495998,128,512,sigmoid,True,0.1,50,1,2,1,0.001,25,25,1.0,10,50,5,3.442747399767574,-3.097029627187493,-9.978090116610865,0.9544514627407936,-6.995761179345164,4.8859249432003695,-0.6188488376202496,10.425471779238467,-9.3587817301315,-9.359241278990616,-9.471020316497674,sqrt_hann
4,-4.594010927008459,vocals,Mask,L1,0.0004235570959281,128,512,sigmoid,True,0.3,50,1,3,1,0.001,25,25,1.0,10,50,5,4.105060036347753,-3.376285768127462,-10.2892577645781,0.9709105012856636,-7.411517646325245,4.764770803123037,-0.930016485587484,10.44193081778334,-9.3587817301315,-9.359241278990616,-9.471020316497674,sqrt_hann
6,-4.787651364852885,vocals,Mask,L1,0.0004940494545735,128,512,sigmoid,True,0.3,50,1,5,1,0.001,25,25,1.0,10,50,5,2.7841937877970664,-3.381448089277494,-12.01523018029191,0.8638310565845292,-9.543992985510956,4.571130365278611,-2.6559889013012965,10.334851373082204,-9.3587817301315,-9.359241278990616,-9.471020316497674,sqrt_hann
