{
    "combination": [
        0,
        1
    ],
    "permutation": [
        0,
        1
    ],
    "vocals": {
        "SI-SDR": [
            -0.8490622006712596,
            -0.7200071408116004
        ],
        "SI-SIR": [
            -0.6595573142630964,
            -0.5383746092728143
        ],
        "SI-SAR": [
            12.846984688669787,
            13.156399368965543
        ],
        "SD-SDR": [
            -3.0515704615033012,
            -3.0117665803435263
        ],
        "SNR": [
            2.506108578211979,
            2.5894762065522126
        ],
        "SRR": [
            0.951909259353282,
            0.8599925962008331
        ],
        "SI-SDRi": [
            0.4425867865074642,
            0.16451232151441164
        ],
        "SD-SDRi": [
            -1.75989485526356,
            -2.1269661708630325
        ],
        "SNRi": [
            3.8227718782035716,
            3.551974369679291
        ],
        "MIX-SI-SDR": [
            -1.2916489871787238,
            -0.8845194623260121
        ],
        "MIX-SD-SDR": [
            -1.2916756062397412,
            -0.8848004094804939
        ],
        "MIX-SNR": [
            -1.3166632999915928,
            -0.9624981631270785
        ]
    },
    "bass+drums+other": {
        "SI-SDR": [
            1.6975929868687905,
            1.1116038703523015
        ],
        "SI-SIR": [
            1.967827461371281,
            1.356272586400566
        ],
        "SI-SAR": [
            13.892445211437249,
            13.725422597524666
        ],
        "SD-SDR": [
            -2.1088407614663316,
            -2.50518005089393
        ],
        "SNR": [
            3.7980595734664027,
            3.528907737387528
        ],
        "SRR": [
            0.22890726413822093,
            -0.02695483783975266
        ],
        "SI-SDRi": [
            0.3624434326215482,
            0.0865167463465275
        ],
        "SD-SDRi": [
            -3.443963696652556,
            -3.5299862277452214
        ],
        "SNRi": [
            2.481396273474809,
            2.56640957426045
        ],
        "MIX-SI-SDR": [
            1.3351495542472422,
            1.025087124005774
        ],
        "MIX-SD-SDR": [
            1.3351229351862248,
            1.0248061768512913
        ],
        "MIX-SNR": [
            1.3166632999915937,
            0.9624981631270779
        ]
    }
}