{
    "combination": [
        0,
        1
    ],
    "permutation": [
        0,
        1
    ],
    "vocals": {
        "SI-SDR": [
            -3.8284679363677614,
            -2.4047745352781096
        ],
        "SI-SIR": [
            -3.7583641838921666,
            -2.327734369755268
        ],
        "SI-SAR": [
            14.12696724973256,
            15.14435964573771
        ],
        "SD-SDR": [
            -4.934379060694649,
            -3.692747945920581
        ],
        "SNR": [
            0.3468933670982189,
            1.2911566903830765
        ],
        "SRR": [
            1.54748971422649,
            2.214109122081168
        ],
        "SI-SDRi": [
            0.5847311928641168,
            0.7859132283479262
        ],
        "SD-SDRi": [
            -0.5211464587377632,
            -0.5020580449864909
        ],
        "SNRi": [
            4.7201380873357595,
            4.473052918680537
        ],
        "MIX-SI-SDR": [
            -4.413199129231878,
            -3.190687763626036
        ],
        "MIX-SD-SDR": [
            -4.413232601956886,
            -3.1906899009340903
        ],
        "MIX-SNR": [
            -4.37324472023754,
            -3.181896228297461
        ]
    },
    "bass+drums+other": {
        "SI-SDR": [
            4.8561429942852765,
            3.9488145066201144
        ],
        "SI-SIR": [
            5.090001228580121,
            4.161006310079913
        ],
        "SI-SAR": [
            17.660863875723788,
            17.165035512195967
        ],
        "SD-SDR": [
            -1.5604266821712214,
            -1.8605277557456361
        ],
        "SNR": [
            4.680597755186572,
            4.433429778024831
        ],
        "SRR": [
            -0.4353934298121947,
            -0.538374117710625
        ],
        "SI-SDRi": [
            0.4974519107200326,
            0.7711415278834224
        ],
        "SD-SDRi": [
            -5.919084293011456,
            -5.0381985971742695
        ],
        "SNRi": [
            0.3073530349490312,
            1.2515335497273696
        ],
        "MIX-SI-SDR": [
            4.358691083565244,
            3.177672978736692
        ],
        "MIX-SD-SDR": [
            4.358657610840234,
            3.1776708414286334
        ],
        "MIX-SNR": [
            4.37324472023754,
            3.181896228297461
        ]
    }
}