{
    "combination": [
        0,
        1
    ],
    "permutation": [
        0,
        1
    ],
    "vocals": {
        "SI-SDR": [
            -1.5278265396672321,
            -2.046757327608326
        ],
        "SI-SIR": [
            -1.372062694936031,
            -1.9134790852149228
        ],
        "SI-SAR": [
            13.002999138750326,
            13.149961918562232
        ],
        "SD-SDR": [
            -3.825522932617876,
            -4.150031978648684
        ],
        "SNR": [
            2.176243254494423,
            1.8665042991679004
        ],
        "SRR": [
            0.03770837850203148,
            0.008129172960682073
        ],
        "SI-SDRi": [
            0.4889350868883928,
            0.33317402575647836
        ],
        "SD-SDRi": [
            -1.8087482413239488,
            -1.7696665331241594
        ],
        "SNRi": [
            4.1740361941590605,
            4.133399835726076
        ],
        "MIX-SI-SDR": [
            -2.016761626555625,
            -2.3799313533648045
        ],
        "MIX-SD-SDR": [
            -2.0167746912939273,
            -2.3803654455245247
        ],
        "MIX-SNR": [
            -1.997792939664638,
            -2.2668955365581756
        ]
    },
    "bass+drums+other": {
        "SI-SDR": [
            2.3518261166197,
            2.4306442840772697
        ],
        "SI-SIR": [
            2.5702563706304997,
            2.6482144721514214
        ],
        "SI-SAR": [
            15.445298706422081,
            15.540824474961868
        ],
        "SD-SDR": [
            -1.3706240581299465,
            -1.6907917862898705
        ],
        "SNR": [
            4.151166987483926,
            4.1147766266900225
        ],
        "SRR": [
            1.028017736363137,
            0.43552183704817893
        ],
        "SI-SDRi": [
            0.3659980471371407,
            0.23046297044955466
        ],
        "SD-SDRi": [
            -3.356439062874203,
            -3.8905390077578677
        ],
        "SNRi": [
            2.1533740478192875,
            1.847881090131847
        ],
        "MIX-SI-SDR": [
            1.9858280694825594,
            2.200181313627715
        ],
        "MIX-SD-SDR": [
            1.9858150047442567,
            2.199747221467997
        ],
        "MIX-SNR": [
            1.997792939664638,
            2.2668955365581756
        ]
    }
}