{
    "combination": [
        0,
        1
    ],
    "permutation": [
        0,
        1
    ],
    "vocals": {
        "SI-SDR": [
            -7.783706377254942,
            -8.675564159395586
        ],
        "SI-SIR": [
            -7.711227219187321,
            -8.6141316531209
        ],
        "SI-SAR": [
            10.028194516406357,
            9.84897666227861
        ],
        "SD-SDR": [
            -8.709056087985573,
            -9.46119209143789
        ],
        "SNR": [
            -1.8844745987295317,
            -2.5772240671805777
        ],
        "SRR": [
            -1.5398091131725966,
            -1.6486241463147193
        ],
        "SI-SDRi": [
            0.1804024971038274,
            0.008146411145919075
        ],
        "SD-SDRi": [
            -0.7447631823651744,
            -0.7774778651128198
        ],
        "SNRi": [
            6.222424462965031,
            6.128174189040846
        ],
        "MIX-SI-SDR": [
            -7.96410887435877,
            -8.683710570541505
        ],
        "MIX-SD-SDR": [
            -7.964292905620399,
            -8.68371422632507
        ],
        "MIX-SNR": [
            -8.106899061694563,
            -8.705398256221423
        ]
    },
    "bass+drums+other": {
        "SI-SDR": [
            8.06391784630572,
            8.495624701322935
        ],
        "SI-SIR": [
            8.35960345557658,
            8.805234191385725
        ],
        "SI-SAR": [
            19.88046310045106,
            20.11921028541805
        ],
        "SD-SDR": [
            1.2463074653081847,
            0.9509290771893371
        ],
        "SNR": [
            6.210415496094442,
            6.121797928331791
        ],
        "SRR": [
            2.2595170096549846,
            1.7916949160144102
        ],
        "SI-SDRi": [
            -0.06537087874608538,
            -0.21270182948457617
        ],
        "SD-SDRi": [
            -6.882797228481985,
            -7.757393797834607
        ],
        "SNRi": [
            -1.8964835656001204,
            -2.5836003278896325
        ],
        "MIX-SI-SDR": [
            8.129288725051806,
            8.708326530807511
        ],
        "MIX-SD-SDR": [
            8.12910469379017,
            8.708322875023944
        ],
        "MIX-SNR": [
            8.106899061694563,
            8.705398256221423
        ]
    }
}