{
    "combination": [
        0,
        1
    ],
    "permutation": [
        0,
        1
    ],
    "vocals": {
        "SI-SDR": [
            -5.684317043386287,
            -5.170767329119517
        ],
        "SI-SIR": [
            -5.596991558894291,
            -5.071952689109487
        ],
        "SI-SAR": [
            11.325705611629669,
            11.308176496140197
        ],
        "SD-SDR": [
            -6.665017681675451,
            -6.182728182077906
        ],
        "SNR": [
            -0.7825947678579454,
            -0.4760604981109642
        ],
        "SRR": [
            0.2785877308908921,
            0.6396376901947516
        ],
        "SI-SDRi": [
            0.6350012617671217,
            0.5016697167287418
        ],
        "SD-SDRi": [
            -0.3456867344366339,
            -0.5098728023330317
        ],
        "SNRi": [
            5.506114290901413,
            5.362159866593865
        ],
        "MIX-SI-SDR": [
            -6.319318305153408,
            -5.672437045848259
        ],
        "MIX-SD-SDR": [
            -6.319330947238817,
            -5.672855379744874
        ],
        "MIX-SNR": [
            -6.288709058759359,
            -5.83822036470483
        ]
    },
    "bass+drums+other": {
        "SI-SDR": [
            6.627538259184141,
            6.118211339023423
        ],
        "SI-SIR": [
            6.971335465826371,
            6.475807285839514
        ],
        "SI-SAR": [
            17.813122607801922,
            17.139699773699565
        ],
        "SD-SDR": [
            -0.08260406656291863,
            -0.25596083051320484
        ],
        "SNR": [
            5.471587100202234,
            5.334977151942226
        ],
        "SRR": [
            0.9592906365574425,
            0.8816889235189382
        ],
        "SI-SDRi": [
            0.3460040179371022,
            0.23615399357673272
        ],
        "SD-SDRi": [
            -6.36412566572455,
            -6.13759984206328
        ],
        "SNRi": [
            -0.8171219585571254,
            -0.5032432127626034
        ],
        "MIX-SI-SDR": [
            6.281534241247039,
            5.8820573454466905
        ],
        "MIX-SD-SDR": [
            6.281521599161631,
            5.881639011550075
        ],
        "MIX-SNR": [
            6.288709058759359,
            5.83822036470483
        ]
    }
}